{"schemaVersion":"1.0","appDefinitionTemplate":{"id":"/providers/Microsoft.PowerApps/apps/","type":"Microsoft.PowerApps/apps","tags":{"primaryDeviceWidth":"1366","primaryDeviceHeight":"768","supportsPortrait":"true","supportsLandscape":"true","primaryFormFactor":"Tablet","showStatusBar":"false","publisherVersion":"3.25054.3","minimumRequiredApiVersion":"2.2.0","hasComponent":"false","hasUnlockedComponent":"false","isUnifiedRootApp":"false"},"properties":{"appVersion":"2025-06-10T14:37:24Z","lifeCycleId":"Published","createdByClientVersion":{"major":3,"minor":25054,"build":3,"revision":0,"majorRevision":0,"minorRevision":0},"minClientVersion":{"major":3,"minor":25054,"build":3,"revision":0,"majorRevision":0,"minorRevision":0},"backgroundColor":"RGBA(0,176,240,1)","backgroundImageUri":"/979435698662230501/Nc9f48a20-4969-4a52-984b-d802cf8c2a57-logoSmallFile","displayName":"Car Reservation","commitMessage":"","appUris":{"documentUri":{"value":"/979435698662230501/Nb82b7a4a-7f7f-4341-9814-1442cb88293e-document.msapp"},"imageUris":[],"additionalUris":[{"isSolutionAware":false,"value":"/979435698662230501/N8ce1d05b-7a72-4e9c-beba-607392bf90da-identity.json"}]},"createdTime":"0001-01-01T00:00:00Z","lastModifiedTime":"0001-01-01T00:00:00Z","sharedGroupsCount":0,"sharedUsersCount":0,"connectionReferences":{"f7cea947-be17-4592-88af-9cc328cd807c":{"id":"1f391804-ee15-4a3d-b460-de31e54547aa","displayName":"SharePoint","iconUri":"https://conn-afd-prod-endpoint-bmc9bqahasf3grgk.b01.azurefd.net/releases/v1.0.1746/1.0.1746.4174/sharepointonline/icon.png","dataSources":["Company Vehicles","Vehicle Reservations"],"dependencies":[],"dependents":[],"parameterHints":{},"parameterHintsV2":{},"isOnPremiseConnection":false,"bypassConsent":false,"dataSets":{"https://m365x66539335.sharepoint.com/sites/arkadiusz_strzezek_site":{"dataSources":{"Company Vehicles":{"tableName":"a43e7e3d-8eb6-4fe3-aa06-a97785c7c02a"},"Vehicle Reservations":{"tableName":"53c5f2e2-921c-4d62-a06d-ac25562100d0"}}}},"apiTier":"Standard","isCustomApiConnection":false,"actions":["providers/PowerPlatform.Governance/Operations/Read","providers/PowerPlatform.Governance/Operations/Write","providers/PowerPlatform.Governance/Operations/Delete"],"endpoints":[]}},"databaseReferences":{},"almMode":"Environment","performanceOptimizationEnabled":true,"canConsumeAppPass":true,"enableModernRuntimeMode":false,"executionRestrictions":{"isTeamsOnly":false,"dataLossPreventionEvaluationResult":{"status":"Compliant","lastEvaluationDate":"2025-06-10T12:55:09.4730843Z","violations":[],"violationsByPolicy":[],"violationErrorMessage":"The app uses the following connectors: shared_sharepointonline."}}},"isAppComponentLibrary":false,"appType":"ClassicCanvasApp","appComponents":[]}}